<?xml version="1.0" encoding="UTF-8"?>
<project-private xmlns="http://www.netbeans.org/ns/project-private/1">
    <editor-bookmarks xmlns="http://www.netbeans.org/ns/editor-bookmarks/2" lastBookmarkId="0"/>
    <open-files xmlns="http://www.netbeans.org/ns/projectui-open-files/2">
        <group>
            <file>file:/C:/Users/hp1/Documents/NetBeansProjects/Demo_javascript/web/index.html</file>
            <file>file:/C:/Users/hp1/Documents/NetBeansProjects/Demo_javascript/web/NumberOfWays/Demo_function.html</file>
            <file>file:/C:/Users/hp1/Documents/NetBeansProjects/Demo_javascript/web/Variable/Global_variable.html</file>
            <file>file:/C:/Users/hp1/Documents/NetBeansProjects/Demo_javascript/web/if_else/Greatest_between_5no.html</file>
            <file>file:/C:/Users/hp1/Documents/NetBeansProjects/Demo_javascript/web/NumberOfWays/Document_write.html</file>
            <file>file:/C:/Users/hp1/Documents/NetBeansProjects/Demo_javascript/web/if_else/If_else.html</file>
            <file>file:/C:/Users/hp1/Documents/NetBeansProjects/Demo_javascript/web/Variable/Variable_demo.html</file>
            <file>file:/C:/Users/hp1/Documents/NetBeansProjects/Demo_javascript/web/NumberOfWays/DocumentWrite_head.html</file>
        </group>
    </open-files>
</project-private>
