{
  "type": "Compass Connections",
  "version": {
    "$numberInt": "1"
  },
  "connections": [
    {
      "id": "10f1b4e1-ae2f-452c-9830-f1024023d80f",
      "lastUsed": {
        "$date": {
          "$numberLong": "1725623709706"
        }
      },
      "favorite": {
        "name": "Assignment",
        "color": "color3"
      },
      "savedConnectionType": "favorite",
      "connectionOptions": {
        "connectionString": "mongodb://localhost:27017/",
        "oidc": {}
      }
    },
    {
      "id": "5cfbb636-d37a-4931-bdbf-bdc28eb95f9c",
      "lastUsed": {
        "$date": {
          "$numberLong": "1725623091145"
        }
      },
      "favorite": {
        "name": "FindMEhome_Scenario1",
        "color": "color6"
      },
      "savedConnectionType": "recent",
      "connectionOptions": {
        "connectionString": "mongodb://localhost:27017/",
        "oidc": {}
      }
    }
  ]
}