<?xml version="1.0" encoding="UTF-8"?>
<project-private xmlns="http://www.netbeans.org/ns/project-private/1">
    <editor-bookmarks xmlns="http://www.netbeans.org/ns/editor-bookmarks/2" lastBookmarkId="0"/>
    <open-files xmlns="http://www.netbeans.org/ns/projectui-open-files/2">
        <group>
            <file>file:/C:/Users/hp1/Documents/NetBeansProjects/Demo_CSS/web/internal_css/Internal_css.html</file>
            <file>file:/C:/Users/hp1/Documents/NetBeansProjects/Demo_CSS/web/combinator/Combinator_demo3.html</file>
            <file>file:/C:/Users/hp1/Documents/NetBeansProjects/Demo_CSS/web/Navigation_bar/Navigation_link_home.html</file>
            <file>file:/C:/Users/hp1/Documents/NetBeansProjects/Demo_CSS/web/position/Absolute_demo.html</file>
            <file>file:/C:/Users/hp1/Documents/NetBeansProjects/Demo_CSS/web/Navigation_bar/Navigation_borders.html</file>
            <file>file:/C:/Users/hp1/Documents/NetBeansProjects/Demo_CSS/web/combinator/Multiple_elements.html</file>
            <file>file:/C:/Users/hp1/Documents/NetBeansProjects/Demo_CSS/web/combinator/Combinator_demo2.html</file>
            <file>file:/C:/Users/hp1/Documents/NetBeansProjects/Demo_CSS/web/Navigation_bar/Navigation_bar_demo.html</file>
            <file>file:/C:/Users/hp1/Documents/NetBeansProjects/Demo_CSS/web/combinator/child_selector.html</file>
            <file>file:/C:/Users/hp1/Documents/NetBeansProjects/Demo_CSS/web/selector/Element_selector.html</file>
            <file>file:/C:/Users/hp1/Documents/NetBeansProjects/Demo_CSS/web/border/Border_demo.html</file>
            <file>file:/C:/Users/hp1/Documents/NetBeansProjects/Demo_CSS/web/Navigation_bar/Navigation_fixheight.html</file>
            <file>file:/C:/Users/hp1/Documents/NetBeansProjects/Demo_CSS/web/inline/Inline_demo.html</file>
            <file>file:/C:/Users/hp1/Documents/NetBeansProjects/Demo_CSS/web/position/Fixed_demo.html</file>
            <file>file:/C:/Users/hp1/Documents/NetBeansProjects/Demo_CSS/web/list/Demo_list.html</file>
            <file>file:/C:/Users/hp1/Documents/NetBeansProjects/Demo_CSS/web/combinator/Combinator_Demo.html</file>
            <file>file:/C:/Users/hp1/Documents/NetBeansProjects/Demo_CSS/web/Horizontal_navigation_bar/Inline_demo.html</file>
            <file>file:/C:/Users/hp1/Documents/NetBeansProjects/Demo_CSS/web/combinator/Combinator_demo1.html</file>
            <file>file:/C:/Users/hp1/Documents/NetBeansProjects/Demo_CSS/web/selector/Class_selector.html</file>
            <file>file:/C:/Users/hp1/Documents/NetBeansProjects/Demo_CSS/web/float/Float_demo.html</file>
            <file>file:/C:/Users/hp1/Documents/NetBeansProjects/Demo_CSS/web/inline/Display_demo.html</file>
            <file>file:/C:/Users/hp1/Documents/NetBeansProjects/Demo_CSS/web/example/Example_page%20.html</file>
            <file>file:/C:/Users/hp1/Documents/NetBeansProjects/Demo_CSS/web/tutorial_try.html</file>
            <file>file:/C:/Users/hp1/Documents/NetBeansProjects/Demo_CSS/web/padding/Padding_demo.html</file>
            <file>file:/C:/Users/hp1/Documents/NetBeansProjects/Demo_CSS/web/overflow/Overflow_demo.html</file>
            <file>file:/C:/Users/hp1/Documents/NetBeansProjects/Demo_CSS/web/combinator/Combinator_demo_image.html</file>
            <file>file:/C:/Users/hp1/Documents/NetBeansProjects/Demo_CSS/web/margin/Margin_demo.html</file>
        </group>
    </open-files>
</project-private>
